{"FuvR8Bx1e39C+0BvkgeSwg==":"vacuum_pumps_and_ejectors.webp","xbVPvs+OdNmMv6WxUJzSUg==":"chrome_gpas76tnqi-499x340.png","n0Yp0b9e2FQZP0yUYPBATQ==":"suction-cups-467x338.png","J0oVKBQMtYx309ooVk9FHQ==":"chrome_gpas76tnqi-1-499x340.png","r8lJglrLlnFnkhYBgQf3cg==":"rg-492x349.png","pa5Dkwo/T1qgW/t0h+fQvA==":"background5.jpg","WWVwnZx2KXuJB5wtwMY4Jg==":"banners-1920x1080.png","iLuRrmks3RYYeJ8CAcuKCA==":"banners-1-1920x1080.png","QempkJUSHM3YWvCTgB/AfA==":"banners%20(1)-1920x1080.png","W1ZD53+P5rTH/ml5KXxyVg==":"conveyors-575x375.png","PjJQ4wBqqbp2f/p2ATM0WQ==":"system-accessories-553x350.png","dOsjriz3ra14HXq7DBpHlg==":"system-accessories-1-553x350.png","zHChf8a7NiYtQb0BLyX/+Q==":"picobot-602x362.png","p0BI+rUt8juoHTRXZZxDBg==":"1--1528x1100.png","i6zGiV8q/cRwVlreBy2Qtg==":"2--2000x1046.png","5haguhnbT7xmiKxFKJA2Wg==":"3--1216x558.png","JGRWR3bDRW+msbBDo4l+9g==":"4--2000x605.png","eHe/hshNu9+B8ZricBLPnw==":"5--1068x1021.png","y1PXIZ1vCEXBe9KZ6MTnuw==":"6--1068x716.png","0HOs4x+rwSlxYvR/ziQOYQ==":"7--2000x1140.png","CXZQJA1/6ZIes4aJN27GvQ==":"8--1107x649.png","qf1eNsyaRN+I021sK8HL7g==":"2logo-pivax-256x75.png","Vq77J8zx0n2pJlZ+o19Z6Q==":"bodyshop.webp","m/17RzxL7ECyrMCQzjF/RQ==":"rg-grippers.webp","Is7qamhXaAE2RWdi1qR95w==":"mounting-elements.webp","vNT1Oy9H+IdezcuTQsxpYQ==":"ejectors.webp","lkYL8NQ6JGNlUktuPxLa/w==":"pisecure.webp","5yYArFNwF0Xqi6swNLH+BQ==":"vgs.webp","do8+QLe0NvyoHRnrJJj+8w==":"piclassic.webp","WMy+tIawTWsZJr2ski7jOA==":"chemical-resistant-vacuum-ejectors.webp","YHyE3xo+41htPxlmupAKFg==":"coax.webp","pSFbfaECQZ1WdQYbYSPM8Q==":"teaser_pump_accessories.webp","bihQNdD4GTsQRl3+zPuHMw==":"pigrip%20(1).webp","fpyr1KzmZbt2iSUH/JgpGg==":"pisoftgrip.webp","w6dck5kc9BTRomJvqmHfqA==":"cups.webp","ExYwXwbC7vDBAj1zpTMvlQ==":"oval-cups.webp","WFfSXjUP0rS0AEZDwsrgdA==":"rectangular.webp","37Oar7Qd/B6zAFMK9s+V5g==":"pisave-sense.webp","Kzrm2YtbbG3EmqiejI/6Xw==":"picobot.webp","7r2VHvwbc+O0acYFxQoNBA==":"kenos.webp","E8DlpjCUSKHRiiFbmXpBCw==":"palletizing.webp","qCnXQwnRyTgFJ6ks4Gg3rA==":"custom-line_node_image.webp","SIxi+RIUNn/3UURWBuOnaw==":"control_valves.webp","0Inz+ZL7ty9z6aW8pY04Qg==":"compressed-air-regulators.webp","/hNsXVb8+gUrvZTgVrf+eA==":"system-accessories.webp","8qb3fBwJ/Ym+PMGL18AQqw==":"vacuum-filters.webp","WF7TenYuLaUG0tV83KsA4Q==":"conveyors.webp","oHG9vpjYdonEec3eVjqZ4A==":"piflow-smart.webp","IQay4k7+9g4IQI0MPQN9fQ==":"piflowp.webp","xtGOTpAQLa+qj6yqMnaExw==":"piflowt.webp","gAIyG9mnevfqDBp7GTHvUw==":"piflowam_node.webp","v1J/402flOYqSGoGrZ6w1w==":"piflowfc2.webp","Z92ZQ8rsNtuR4wd7K/u2zQ==":"piflowf.webp","3rXgLMUd2kYRJhtGSJ7n6A==":"piflowi.webp","yxJDWy2mWlB0JCboT+oMUw==":"filters.webp","p/6eopWi/PajQYjGA0KPMQ==":"logo-blanco-@2x-290x77.png","VnLqrOa2ldI9ZFZfAvhGmw==":"pivax-white-margin@2x-396x132.png","T29WzM/gHrPEOnyp6suWAQ==":"5-1068x1021-800x450.png","bOA4PwTvvp1zsa+ejMpaWg==":"img-nosotros-1014x676.jpg"}